mp,tav,tbv,bc,ac,time
8.86,271664.672,28436.193,251148.369,13222076.264,1695350174
8.86,272145.355,27202.854,240257.858,13226294.544,1695350177
8.86,272421.907,21563.313,190318.887,13228701.118,1695350180
8.86,272880.57,21657.919,191149.182,13232764.872,1695350183
8.86,272578.162,22224.728,196148.438,13230076.238,1695350186
8.86,272578.162,22224.728,196148.438,13230076.238,1695350189
8.86,272578.162,22367.105,197409.534,13230076.547,1695350192
8.86,269626.713,25105.896,221669.399,13203956.902,1695350195
8.86,270602.405,26365.046,232807.856,13212636.616,1695350198
8.86,270577.328,26331.197,232508.969,13212414.306,1695350201
8.86,270577.328,25981.323,229412.584,13212416.806,1695350204
8.86,270125.466,25556.515,225664.389,13208404.271,1695350207
8.86,270718.775,25556.515,225664.389,13213669.694,1695350210
8.86,270771.51,25419.904,224455.043,13214134.211,1695350213
8.86,270771.51,25419.904,224455.043,13214134.211,1695350216
8.86,270994.418,25321.107,223580.607,13216109.599,1695350219
8.86,270994.418,25321.107,223580.607,13216104.35,1695350222
8.86,270644.142,26021.368,229780.903,13213006.549,1695350225
8.86,270644.142,26021.368,229781.069,13213010.576,1695350228
8.86,270192.28,26022.578,229791.654,13208994.092,1695350231
8.86,270192.28,26022.578,229791.587,13208994.092,1695350234
8.86,270781.897,25483.558,225021.26,13214226.805,1695350237
8.86,270644.16,25929.732,228969.9,13213006.709,1695350240
8.86,270915.342,26450.089,233574.804,13215423.404,1695350243
8.87,270921.967,26055.973,230135.542,13215485.754,1695350246
8.87,270921.967,26005.973,229694.042,13215485.754,1695350249
8.87,270915.367,18539.506,163821.327,13215427.182,1695350252
8.87,270915.367,18539.506,163821.327,13215430.635,1695350255
8.87,270915.367,18670.241,164984.595,13215435.592,1695350258
8.87,270918.667,18111.592,160047.802,13215464.863,1695350261
8.87,270908.667,18059.332,159582.508,13215372.828,1695350264
8.87,270905.367,18259.25,161352.242,13215346.892,1695350267
8.87,270905.233,18123.528,160148.056,13215345.702,1695350270
8.87,270905.233,18123.528,160148.056,13215345.702,1695350273
8.87,270905.234,18123.528,160148.056,13215345.711,1695350276
8.87,270905.233,18123.528,160148.056,13215345.702,1695350279
8.87,270905.269,18022.872,159254.881,13215347.056,1695350282
8.87,270905.269,18022.872,159254.881,13215347.056,1695350285
8.87,270905.269,18022.872,159254.881,13215347.056,1695350288
8.87,270905.269,18022.872,159254.881,13215348.524,1695350291
8.87,270432.676,17919.862,158344.273,13211136.876,1695350294
8.87,270905.27,18022.872,159254.881,13215332.238,1695350297
8.87,270453.47,18021.953,159244.728,13211320.254,1695350300
8.87,270456.77,18021.953,159244.728,13211349.525,1695350303
8.87,271612.591,17767.486,156990.386,13221598.646,1695350306
8.87,271612.591,17767.486,156990.386,13221598.646,1695350309
8.87,272067.726,17767.486,156990.386,13225640.212,1695350312
8.86,272666.396,23065.136,203663.432,13230928.388,1695350315
8.86,272379.56,23724.731,209493.526,13228387.531,1695350318
8.86,271590.625,22271.225,196658.849,13221386.776,1695350321
8.86,271590.625,22373.228,197552.535,13221386.776,1695350324
8.86,271590.625,23037.245,203419.621,13221386.776,1695350327
8.86,271590.625,22987.245,202977.121,13221386.776,1695350330
8.86,271590.625,23087.245,203862.121,13221386.776,1695350333
8.86,271291.379,23087.245,203862.121,13218704.177,1695350336
8.86,270839.544,23087.245,203862.121,13214691.882,1695350339
8.86,271096.578,22374.972,197568.952,13216976.046,1695350342
8.86,271068.92,22574.972,199338.952,13216729.89,1695350345
8.86,271097.353,22274.972,196683.952,13216978.539,1695350348
8.86,271097.353,22124.972,195356.452,13216940.361,1695350351
8.86,270601.718,22924.858,202422.903,13212542.899,1695350354
8.86,271463.806,22224.972,196242.945,13220182.179,1695350357
8.86,271011.801,22024.972,194472.945,13216168.375,1695350360
8.86,271463.807,22002.011,194269.741,13220176.27,1695350363
8.86,270968.172,22002.011,194268.247,13215779.988,1695350366
8.86,270787.094,21357.031,188573.074,13214173.826,1695350369
8.86,271653.644,21819.652,192578.934,13221798.759,1695350372
8.86,271083.908,22247.566,196351.69,13216736.913,1695350375
8.86,271083.908,22115.348,195181.56,13216674.408,1695350378
8.86,271083.908,22115.348,195181.56,13216674.408,1695350381
8.86,271083.908,22315.836,196953.874,13216670.586,1695350384
8.86,271083.908,22315.836,196953.874,13216669.567,1695350387
8.86,271047.345,22469.474,198313.571,13216372.613,1695350390
8.86,271050.392,22315.836,196953.874,13216372.615,1695350393
8.86,271630.176,24131.784,212965.476,13221494.293,1695350396
8.86,272694.495,26824.059,236735.856,13230959.528,1695350399
8.86,271622.872,25747.688,227243.266,13221456.489,1695350402
8.86,271622.872,25747.688,227243.266,13221456.489,1695350405
8.86,271616.272,24664.232,217696.769,13221379.193,1695350408
8.86,270614.575,24597.398,217105.289,13212475.439,1695350411
8.85,270618.975,25490.044,224962.083,13212512.407,1695350414
8.86,270623.199,26034.548,229778.757,13212578.312,1695350417
8.86,270623.199,26034.548,229778.939,13212579.855,1695350420
8.86,270623.199,26034.548,229778.757,13212578.312,1695350423
8.86,270623.199,26084.548,230219.757,13212578.312,1695350426
8.86,270622.904,26084.548,230219.757,13212575.698,1695350429
8.86,270598.455,26000.699,229479.532,13212359.08,1695350432
8.86,270471.559,24820.991,219081.622,13211206.573,1695350435
8.86,270471.559,24820.991,219081.44,13211206.573,1695350438
8.86,270471.559,24820.991,219081.44,13211206.573,1695350441
8.86,270495.962,24854.84,219380.327,13211422.784,1695350444
8.86,270495.962,24319.351,214644.618,13211418.768,1695350447
8.86,270495.962,24033.931,212118.238,13211418.768,1695350450
8.86,270499.262,24033.931,212118.238,13211446.076,1695350453
8.86,270495.962,24212.064,213691.198,13211416.066,1695350456
8.86,270495.962,24212.064,213691.115,13211416.066,1695350459
8.86,270834.945,24016.309,211960.641,13214401.982,1695350462
8.85,270489.293,24568.604,216809.046,13211351.188,1695350465
8.85,270489.293,25021.082,220799.902,13211351.188,1695350468
8.85,270132.436,25170.563,222118.325,13208193.003,1695350471
8.85,270132.436,25170.563,222118.325,13208193.003,1695350474
8.85,270132.436,25021.082,220793.49,13208188.047,1695350477
8.85,269659.843,24918.072,219883.912,13203997.419,1695350480
8.85,270476.278,25071.082,221235.49,13211223.138,1695350483
8.85,270476.278,25071.082,221235.49,13211223.138,1695350486
8.85,270476.278,25071.082,221235.49,13211223.138,1695350489
8.85,270476.278,25071.082,221238.757,13211223.138,1695350492
8.85,270246.405,25122.031,221698.001,13209196.527,1695350495
8.85,269935.656,25488.253,224940.012,13206449.255,1695350498
8.85,269935.656,25488.253,224940.012,13206449.255,1695350501
8.85,269935.656,25488.253,224940.012,13206449.255,1695350504
8.85,270483.957,24768.086,218567.788,13211297.735,1695350507
8.85,270483.957,25220.565,222558.653,13211297.735,1695350510
8.85,270454.576,25220.565,222558.653,13211036.538,1695350513
8.85,270482.019,25251.07,222828.317,13211279.409,1695350516
8.85,270201.236,25202.279,222400.877,13208790.619,1695350519
8.85,270201.24,25202.279,222400.877,13208790.655,1695350522
8.85,269256.744,24967.84,220338.628,13200425.626,1695350525
8.85,269256.744,24515.361,216347.763,13200425.626,1695350528
8.85,269256.744,24476.301,216002.473,13200425.472,1695350531
8.85,269256.744,24476.301,216002.473,13200425.472,1695350534
8.85,269258.845,24743.111,218361.156,13200448.103,1695350537
8.85,269439.923,25388.091,224051.373,13202052.454,1695350540
8.85,269935.558,25388.091,224051.373,13206423.442,1695350543
8.85,269914.646,25391.856,224099.869,13206242.544,1695350546
8.85,269419.011,25844.263,228094.623,13201846.262,1695350549
8.85,269914.646,25844.263,228094.805,13206244.088,1695350552
8.85,269914.646,25844.263,228094.805,13206244.088,1695350555
8.85,269237.933,25209.894,222498.283,13200246.281,1695350558
8.85,269237.933,25209.069,222482.965,13200246.076,1695350561
8.85,270085.414,25300.995,223282.393,13207747.546,1695350564
8.85,270085.414,25300.995,223279.893,13207747.392,1695350567
8.85,270085.414,25300.995,223279.893,13207747.392,1695350570
8.85,270085.414,25300.995,223279.893,13207747.392,1695350573
8.85,270085.414,25300.995,223279.893,13207747.392,1695350576
8.85,270085.414,25300.995,223279.893,13207747.392,1695350579
8.85,270085.414,25300.995,223279.893,13207747.392,1695350582
8.85,270507.903,24685.777,217819.704,13211485.292,1695350585
8.85,270478.359,25288.257,223136.578,13211222.646,1695350588
8.85,270506.258,25138.257,221810.578,13211469.552,1695350591
8.85,270503.933,25338.257,223578.578,13211448.976,1695350594
8.85,270203.312,25499.551,225004.417,13208788.48,1695350597
8.85,270203.312,25499.551,225004.417,13208788.48,1695350600
8.85,270205.159,25455.147,224611.885,13208795.836,1695350603
8.85,270205.159,25455.147,224611.885,13208795.836,1695350606
8.85,270205.159,25194.469,222307.492,13208795.836,1695350609
8.85,270473.213,25238.257,222694.578,13211168.114,1695350612
8.85,270473.213,24815.296,218955.602,13211168.114,1695350615
8.85,270473.213,25015.296,220723.602,13211168.114,1695350618
8.85,270473.213,25315.296,223375.602,13211168.114,1695350621
8.85,270473.213,25315.296,223375.602,13211168.114,1695350624
8.85,270473.213,25315.296,223375.602,13211168.114,1695350627
8.85,270473.213,25315.296,223375.602,13211164.929,1695350630
8.85,270834.91,21904.313,193255.743,13214359.596,1695350633
8.85,270834.91,21904.313,193255.743,13214362.863,1695350636
8.85,270834.91,21904.313,193255.743,13214362.863,1695350639
8.85,270834.91,21904.313,193255.743,13214362.863,1695350642
8.85,270834.91,21530.606,189954.203,13214362.863,1695350645
8.85,270835.565,21685.153,191315.762,13214367.203,1695350648
8.85,270158.852,21040.173,185628.812,13208373.028,1695350651
8.85,270158.852,21040.173,185628.812,13208373.028,1695350654
8.85,270767.812,21040.173,185628.084,13213757.802,1695350657
8.84,269930.309,27777.243,244709.137,13206293.809,1695350660
8.84,269930.309,27776.459,244702.238,13206293.809,1695350663
8.85,271180.194,27783.646,244769.076,13217360.784,1695350666
8.84,269923.709,27613.153,243259.85,13206234.997,1695350669
8.84,269923.709,27815.612,245045.538,13206234.997,1695350672
8.84,269923.709,27815.612,245048.872,13206222.524,1695350675
8.84,269923.709,27815.612,245048.805,13206218.046,1695350678
8.84,269923.709,27472.045,242015.109,13206219.976,1695350681
8.84,269923.709,27472.045,242015.175,13206219.976,1695350684
8.84,269923.709,27472.045,242015.175,13206218.046,1695350687
8.84,269923.709,27472.045,242015.175,13206217.274,1695350690
8.84,269923.709,27472.045,242015.175,13206217.274,1695350693
8.84,269930.496,28157.583,248072.432,13206284.592,1695350696
8.84,269930.496,28158.75,248084.761,13206285.38,1695350699
8.84,269930.496,28155.45,248056.287,13206285.38,1695350702
8.84,269488.084,29000.659,255519.846,13202339.226,1695350705
8.84,269488.084,29001.768,255531.148,13202339.226,1695350708
8.85,269038.011,17370.728,153152.36,13198324.183,1695350711
8.85,269038.011,17370.728,153152.36,13198324.183,1695350714
8.85,269589.233,17270.43,152264.666,13203200.915,1695350717
8.85,269005.453,17125.884,150990.83,13198030.401,1695350720
8.85,269589.233,17270.43,152265.726,13203201.224,1695350723
8.85,269589.233,17270.43,152265.726,13203201.224,1695350726
8.85,269589.233,17270.43,152265.726,13203202.498,1695350729
8.85,269589.233,17270.43,152265.726,13203202.498,1695350732
8.85,270003.765,17270.43,152265.726,13206816.891,1695350735
8.85,270003.765,17270.43,152265.726,13206816.891,1695350738
8.85,270003.765,17270.43,152265.726,13206816.891,1695350741
8.85,268729.8,23749.868,209438.688,13195553.141,1695350744
8.85,269046.053,23683.82,208859.794,13198356.505,1695350747
8.85,269046.053,24471.54,215811.318,13198357.015,1695350750
8.85,269046.053,23838.891,210225.05,13198356.505,1695350753
8.85,269046.053,23788.891,209784.05,13198356.505,1695350756
8.85,269317.66,23723.348,209203.193,13200756.96,1695350759
8.85,269317.66,23723.348,209203.193,13200756.96,1695350762
8.85,268359.432,24156.104,213029.478,13192276.417,1695350765
8.85,268470.541,24608.55,217024.576,13193259.731,1695350768
8.85,268821.423,24822.161,218911.761,13196368.645,1695350771
8.85,268821.423,24750.828,218281.177,13196368.645,1695350774
8.85,268821.423,24850.828,219165.177,13196368.645,1695350777
8.85,268821.423,24850.828,219165.177,13196368.645,1695350780
8.85,268821.423,24750.828,218281.177,13196370.456,1695350783
8.85,269471.864,23723.34,209203.123,13202122.31,1695350786
8.85,269471.864,23723.34,209203.123,13202122.31,1695350789
8.85,269471.864,23723.34,209203.123,13202122.31,1695350792
8.85,268888.084,23578.794,207926.782,13196950.019,1695350795
8.85,268888.084,23578.794,207926.782,13196950.019,1695350798
8.85,268888.084,23578.794,207926.782,13196950.019,1695350801
8.85,268329.741,24640.364,217301.596,13192013.078,1695350804
8.85,268913.541,24784.89,218577.76,13197185.546,1695350807
8.85,268913.541,24784.89,218577.76,13197185.546,1695350810
8.85,268913.541,24669.475,217557.492,13197185.546,1695350813
8.85,268913.541,24669.475,217557.492,13197185.546,1695350816
8.85,268764.175,25086.743,221250.749,13195863.811,1695350819
8.85,268764.175,25086.743,221250.749,13195863.811,1695350822
8.85,268764.175,25086.743,221250.749,13195863.811,1695350825
8.85,268764.175,25086.743,221250.749,13195863.811,1695350828
8.85,268880.691,24924.907,219820.036,13196894.823,1695350832
8.85,269071.673,24141.896,212893.694,13198580.62,1695350834
8.85,269071.673,24241.896,213777.694,13198580.62,1695350837
8.85,268394.96,23810.599,209976.434,13192584.943,1695350840
8.85,268589.537,23745.419,209399.258,13194308.895,1695350843
8.85,268841.847,23540.86,207590.956,13196541.839,1695350846
8.85,268841.847,23616.106,208256.131,13196541.839,1695350849
8.85,268258.077,25510.142,224995.887,13191388.097,1695350852
8.85,268753.712,25510.142,224995.887,13195788.201,1695350855
8.85,268742.883,26112.611,230321.441,13195696.133,1695350858
8.85,268742.883,26112.611,230321.441,13195696.133,1695350861
8.85,268742.883,25335.774,223452.21,13195690.563,1695350864
8.85,268742.883,25335.774,223452.21,13195690.563,1695350867
8.85,268742.883,25335.774,223452.21,13195690.563,1695350870
8.85,268742.883,25335.774,223452.21,13195690.563,1695350873
8.85,268401.366,25335.774,223452.21,13192672.507,1695350876
8.85,268401.17,25335.774,223452.21,13192670.772,1695350879
8.85,268401.17,24220.19,213624.174,13192670.772,1695350882
8.85,268401.17,24220.19,213624.174,13192670.772,1695350886
8.85,268401.17,24220.19,213624.174,13192674.226,1695350888
8.85,268401.17,24220.19,213624.174,13192674.226,1695350891
8.85,268401.17,24220.19,213624.174,13192674.226,1695350894
8.85,268401.17,24220.19,213624.174,13192674.226,1695350897
8.85,268595.747,24319.877,214504.41,13194398.178,1695350900
8.85,268595.747,24319.877,214504.41,13194398.256,1695350904
8.85,268595.747,24319.877,214504.576,13194398.256,1695350907
8.85,268595.747,24655.578,217475.813,13194398.256,1695350910
8.85,268595.747,24836.299,219073.129,13194398.256,1695350913
8.85,268595.747,24837.607,219083.129,13194398.256,1695350916
8.85,268595.747,24837.607,219083.129,13194398.256,1695350919
8.85,268595.747,24837.607,219083.129,13194398.256,1695350922
8.85,268595.747,24837.607,219083.129,13194398.256,1695350925
8.85,268595.747,24923.118,219838.793,13194399.927,1695350928
8.85,268595.747,24923.118,219838.793,13194399.927,1695350931
8.85,268595.747,24923.118,219838.793,13194399.927,1695350934
8.85,268595.747,24923.118,219838.793,13194399.927,1695350937
8.85,268595.747,24839.698,219103.863,13194398.383,1695350940
8.85,268401.17,24823.027,218954.998,13192674.431,1695350943
8.85,268401.17,24823.027,218954.998,13192674.431,1695350946
8.85,268401.17,24823.027,218954.998,13192674.431,1695350949
8.85,268401.17,24823.027,218954.998,13192674.431,1695350952
8.85,268401.17,24823.027,218954.998,13192674.431,1695350955
8.85,268401.17,24823.027,218954.998,13192675.974,1695350958
8.85,268401.17,24823.027,218954.998,13192675.974,1695350961
8.85,268401.17,24823.027,218954.998,13192675.974,1695350964
8.85,268403.211,24823.027,218954.998,13192694.037,1695350967
8.85,268403.211,24823.027,218954.998,13192694.037,1695350970
8.85,268403.211,24823.027,218954.998,13192694.037,1695350973
8.85,268403.211,24823.027,218954.998,13192694.037,1695350976
8.85,268403.211,24823.027,218954.998,13192692.494,1695350979
8.85,268403.211,24823.027,218954.998,13192694.037,1695350982
8.85,268403.211,24822.833,218954.819,13192694.037,1695350985
8.86,266641.849,23991.025,211837.536,13177224.234,1695350988
8.86,270006.146,24927.695,220119.4,13207087.068,1695350991
8.86,270006.145,25027.152,221004.124,13207087.059,1695350994
8.86,270006.145,25029.057,221020.983,13207087.059,1695350997
8.86,270431.553,23631.326,208649.853,13210852.86,1695351000
8.86,270016.217,24731.758,218377.755,13207176.094,1695351003
8.86,270006.217,24731.758,218377.838,13207087.494,1695351006
8.86,270006.217,25174.78,222298.583,13207087.699,1695351009
8.86,270006.217,25174.78,222298.583,13207087.699,1695351012
8.86,270006.217,25174.78,222298.583,13207087.699,1695351015
8.86,270006.217,24731.758,218377.838,13207087.494,1695351018
8.86,270016.117,24531.758,216607.838,13207175.208,1695351021
8.86,269564.179,24531.758,216607.838,13203165.198,1695351024
8.86,269564.179,24631.758,217492.838,13203165.198,1695351027
8.86,270016.078,24731.758,218377.838,13207178.315,1695351030
8.86,269564.179,24731.758,218377.838,13203165.198,1695351033
8.86,270016.112,24731.758,218377.755,13207171.839,1695351036
8.86,270168.65,24449.706,215881.595,13208520.778,1695351039
8.86,270388.641,23026.702,203303.449,13210465.673,1695351042
8.86,269936.709,23678.671,209064.335,13206452.517,1695351045
8.86,270388.68,23720.762,209436.84,13210466.019,1695351048
8.86,270388.68,24233.437,213963.094,13210466.019,1695351051
8.86,269936.709,24233.437,213963.094,13206452.517,1695351054
8.86,270388.68,24316.534,214698.502,13210466.637,1695351057
8.86,269944.049,24316.395,214697.273,13206518.433,1695351060
8.86,269753.723,22120.089,195298.929,13204786.941,1695351063
8.86,269401.039,24137.794,213129.584,13201691.095,1695351066
8.86,269823.542,21756.072,192088.299,13205403.834,1695351069
8.86,269825.551,21722.223,191789.074,13205421.369,1695351072
8.86,269825.551,22086.24,194999.704,13205421.369,1695351075
8.86,269825.553,22086.24,194999.704,13205421.387,1695351078
8.86,269373.58,22086.24,194999.704,13201407.867,1695351081
8.86,269919.754,21893.111,193298.268,13206248.915,1695351084
8.86,270371.762,21893.111,193298.268,13210262.746,1695351087
8.86,270371.762,21893.111,193298.268,13210262.746,1695351090
8.86,269594.595,21756.072,192086.843,13203364.754,1695351093
8.86,269725.177,21756.072,192086.843,13204523.017,1695351096
8.86,270177.185,21755.704,192083.586,13208536.848,1695351099
8.86,269725.177,21755.704,192083.586,13204523.017,1695351102
8.86,269725.177,21755.704,192083.586,13204523.017,1695351105
8.86,270177.502,21755.704,192083.586,13208535.011,1695351108
8.86,270177.321,21755.704,192083.586,13208538.055,1695351111
8.86,270177.322,21755.704,192083.586,13208534.879,1695351114
8.86,269725.313,21755.704,192083.586,13204521.04,1695351117
8.86,269725.313,21755.704,192083.586,13204521.04,1695351120
8.86,270177.321,21755.704,192083.586,13208534.871,1695351123
8.86,269725.313,21755.704,192083.586,13204521.04,1695351126
8.86,269478.41,21177.839,186978.52,13202340.117,1695351129
8.86,270264.671,21745.701,191995.076,13209310.169,1695351132
8.86,269478.065,21650.848,191160.223,13202335.996,1695351135
8.86,270007.119,21592.483,190643.693,13207032.454,1695351138
8.86,269217.088,21660.276,191245.117,13200023.74,1695351141
8.86,269501.592,21712.856,191704.355,13202544.445,1695351144
8.86,269594.776,23698.247,209237.369,13203406.877,1695351147
8.86,269481.487,21579.606,190526.548,13202366.315,1695351150
8.86,269481.487,21810.78,192571.055,13202366.315,1695351153
8.86,269597.824,21795.434,192436.699,13203406.101,1695351156
8.86,269854.123,21569.985,190446.042,13205676.91,1695351159
8.86,269401.392,21580.429,190537.015,13201656.673,1695351162
8.86,269401.392,21580.429,190537.015,13201656.673,1695351165
8.86,269401.392,21580.429,190537.015,13201656.673,1695351168
8.86,270212.273,21584.106,190569.556,13208850.119,1695351171
8.86,270066.181,21578.096,190516.368,13207549.555,1695351174
8.86,269853.952,21578.096,190516.368,13205675.406,1695351177
8.86,269853.917,21708.508,191670.514,13205675.095,1695351180
8.86,269401.907,21860.514,193011.207,13201661.246,1695351183
8.86,269404.018,21580.276,190531.068,13201679.971,1695351186
8.86,269856.028,21426.158,189171.705,13205690.635,1695351189
8.86,270434.056,21579.987,190528.477,13210807.422,1695351192
8.86,270430.756,21579.987,190528.477,13210778.184,1695351195
8.86,270430.792,21579.987,190528.477,13210778.504,1695351198
8.86,270430.792,21579.987,190528.477,13210778.504,1695351201
8.86,270173.324,21718.937,191756.795,13208490.242,1695351204
8.86,270173.324,21840.181,192829.837,13208490.242,1695351207
8.86,270625.368,21735.439,191907.485,13212504.393,1695351210
8.86,270173.324,21718.915,191756.6,13208486.789,1695351213
8.86,270625.37,21718.952,191756.927,13212500.957,1695351216
8.86,270173.324,21735.903,191911.591,13208486.789,1695351219
8.86,270625.369,21719.579,191762.457,13212500.948,1695351222
8.86,270625.368,21719.579,191762.457,13212500.939,1695351225
8.85,270488.692,25601.854,226024.758,13211276.841,1695351228
8.85,270940.76,25601.854,226024.758,13215282.164,1695351231
8.85,270230.126,25462.904,224796.44,13208987.397,1695351234
8.85,270230.126,25462.904,224796.44,13208987.397,1695351237
8.86,269423.321,25454.278,224726.808,13201847.542,1695351240
8.86,269472.227,23947.113,211449.729,13202308.613,1695351243
8.86,269448.263,25297.505,223342.497,13202068.528,1695351246
8.86,269448.263,24016.789,212066.355,13202068.528,1695351249
8.86,269897.163,24125.894,213031.934,13206082.042,1695351252
8.86,269445.191,24275.894,214359.434,13202068.531,1695351255
8.86,269140.842,24669.162,217839.856,13199371.999,1695351258
8.86,269140.842,24598.975,217218.701,13199371.999,1695351261
8.86,269140.842,24698.975,218103.701,13199371.999,1695351264
8.86,269592.813,24698.975,218103.701,13203385.501,1695351267
8.86,269276.819,26559.668,234542.937,13200591.445,1695351270
8.86,268854.59,26559.596,234546.821,13196842.646,1695351273
8.86,269306.526,26559.596,234546.821,13200855.838,1695351276
8.86,269306.526,26559.596,234546.821,13200855.838,1695351279
8.86,269508.535,26343.976,232638.501,13202645.483,1695351282
8.86,269508.536,26343.976,232638.501,13202642.225,1695351285
8.86,269508.535,26343.976,232638.501,13202642.216,1695351288
8.86,269508.536,26343.976,232638.501,13202642.225,1695351291
8.86,269508.535,26355.227,232738.072,13202646.727,1695351294
8.86,269056.6,26354.895,232736.302,13198633.545,1695351297
8.86,269197.764,26213.732,231488.421,13199884.258,1695351300
8.86,269649.7,26113.732,230603.421,13203897.449,1695351303
8.86,269197.764,26113.732,230603.421,13199884.258,1695351306
8.86,269647.971,24704.331,218158.494,13203882.268,1695351309
8.86,269647.971,24704.555,218160.476,13203882.268,1695351312
8.86,269842.548,24842.247,219377.674,13205608.166,1695351315
8.86,269842.548,26149.536,230921.036,13205608.166,1695351318
8.86,269390.612,26149.536,230921.036,13201594.974,1695351321
8.86,269842.548,26150.548,230929.992,13205608.166,1695351324
8.86,269390.612,26150.548,230929.992,13201594.974,1695351327
8.86,269830.046,25950.548,229159.992,13205497.398,1695351330
8.86,269800.339,25950.548,229159.992,13205233.006,1695351333
8.86,269800.339,25950.548,229159.992,13205233.006,1695351336
8.86,269803.221,26286.201,232130.521,13205262.084,1695351339
8.86,269497.044,25950.548,229159.992,13202540.317,1695351342
8.86,269414.737,26050.332,230043.08,13201808.666,1695351345
8.86,269838.349,25949.536,229151.036,13205569.774,1695351348
8.86,269850.749,25940.448,229070.607,13205679.638,1695351351
8.86,269398.813,25940.232,229068.695,13201666.447,1695351354
8.86,269850.749,25940.448,229070.607,13205679.638,1695351357
8.86,269880.155,25851.752,228285.647,13205940.176,1695351360
8.86,269880.155,25851.968,228287.559,13205940.176,1695351363
8.86,269428.219,25851.968,228287.559,13201926.984,1695351366
8.86,269428.219,25863.852,228392.732,13201926.984,1695351369
8.86,269867.755,26255.662,231860.251,13205830.312,1695351372
8.86,269415.819,26255.446,231858.339,13201816.017,1695351375
8.86,269867.755,26255.662,231860.251,13205829.209,1695351378
8.86,269950.068,26254.65,231851.294,13206560.912,1695351381
8.86,269867.755,26005.446,229645.839,13205825.942,1695351384
8.86,269867.755,26155.662,230975.251,13205825.942,1695351387
8.86,269415.819,26005.446,229645.839,13201812.75,1695351390
8.86,269415.819,25864.068,228394.644,13201812.75,1695351393
8.86,269710.479,23055.331,203575.202,13204394.158,1695351396
8.86,269564.023,23714.129,209395.048,13203096.204,1695351399
8.86,269710.283,23834.864,210459.002,13204394.992,1695351402
8.86,270161.419,23989.95,211830.268,13208398.778,1695351405
8.86,269709.445,23945.364,211435.682,13204385.249,1695351408
8.86,270101.349,23866.885,210741.143,13207863.883,1695351411
8.86,269899.167,23715.202,209403.299,13206061.057,1695351414
8.86,270497.898,23715.202,209403.299,13211376.32,1695351417
8.86,270497.898,23715.202,209403.299,13211376.32,1695351420
8.86,270497.877,23715.202,209403.299,13211376.134,1695351423
8.86,270045.902,23715.202,209403.299,13207362.596,1695351426
8.86,269928.187,23556.565,208000.948,13206322.984,1695351429
8.86,269928.187,23556.565,208000.948,13206322.485,1695351432
8.86,269475.847,23556.565,208000.948,13202307.672,1695351435
8.86,270045.696,23701.717,209283.956,13207360.769,1695351438
8.86,270045.696,23701.83,209284.957,13207360.769,1695351441
8.86,270497.67,23701.717,209282.48,13211373.799,1695351444
8.86,270045.696,23855.415,210639.576,13207360.27,1695351447
8.86,270497.559,23855.302,210638.576,13211372.814,1695351450
8.86,270497.559,23720.396,209443.14,13211369.693,1695351453
8.86,270045.586,23727.846,209513.722,13207356.173,1695351456
8.86,270497.595,23728.733,209521.572,13211370.012,1695351459
8.86,271046.641,23355.348,206223.42,13216233.261,1695351462
8.86,271046.641,23356.235,206231.27,13216233.261,1695351465
8.86,270594.632,23355.348,206223.42,13212219.421,1695351468
8.86,271046.676,23355.348,206223.42,13216233.572,1695351471
8.86,271046.677,23356.235,206231.27,13216233.58,1695351474
8.86,271046.677,23355.348,206223.42,13216233.58,1695351477
8.86,271046.676,23356.235,206231.27,13216233.572,1695351480
8.86,270594.632,23355.348,206223.42,13212219.421,1695351483
8.86,271046.677,23354.223,206213.463,13216233.58,1695351486
8.86,271081.33,23375.193,206403.663,13216539.923,1695351489
8.86,271081.329,23202.6,204876.182,13216539.914,1695351492
8.86,271081.329,23355.353,206228.079,13216539.914,1695351495
8.86,270629.285,23354.466,206220.229,13212525.763,1695351498
8.86,271081.33,23724.432,209483.356,13216541.171,1695351501
8.86,271081.33,23355.353,206228.079,13216539.923,1695351504
8.86,271081.33,23354.466,206220.229,13216539.923,1695351507
8.86,271080.326,23355.353,206228.079,13216527.281,1695351510
8.86,270425.51,22698.841,200429.573,13210720.655,1695351513
8.86,270425.513,22686.464,200320.037,13210720.682,1695351516
8.86,269973.466,22688.476,200337.843,13206706.505,1695351519
8.86,269537.845,23219.676,205024.818,13202865.169,1695351522
8.86,269085.873,23209.199,204932.096,13198851.657,1695351525
8.86,270192.64,23886.575,210915.248,13208673.2,1695351528
8.86,270192.776,23874.086,210804.721,13208674.407,1695351531
8.86,270192.776,23876.098,210822.527,13208673.795,1695351534
8.86,269740.802,23886.575,210915.248,13204660.266,1695351537
8.86,270192.777,23876.098,210822.527,13208673.804,1695351540
8.86,269590.802,23736.687,209590.99,13203329.628,1695351543
8.86,270042.776,23724.086,209479.471,13207342.545,1695351546
8.86,270043.653,23760.215,209799.212,13207352.41,1695351549
8.86,270043.653,24016.021,212063.095,13207352.563,1695351552
8.86,269925.336,25788.919,227726.846,13206334.934,1695351555
8.86,269935.437,25999.55,229595.451,13206426.472,1695351558
8.86,269935.437,25986.837,229482.941,13206427.53,1695351561
8.86,269935.437,25988.849,229500.748,13206427.53,1695351564
8.86,269935.436,25799.662,227826.443,13206425.361,1695351567
8.86,269935.437,25970.088,229334.713,13206427.28,1695351570
8.86,269935.436,25980.901,229430.408,13206425.361,1695351573
8.86,269935.436,25951.212,229167.66,13206425.361,1695351576
8.86,269935.436,25951.212,229167.66,13206427.521,1695351579
8.86,269935.436,25962.025,229263.355,13206427.272,1695351582
8.86,269935.437,25951.212,229167.66,13206427.28,1695351585
8.86,269483.498,25965.4,229293.224,13202414.062,1695351588
8.86,269910.464,26201.626,231383.824,13206206.02,1695351591
8.86,269371.822,26199.768,231367.545,13201435.467,1695351594
8.86,268919.92,26215.968,231510.915,13197422.578,1695351597
8.86,268918.441,26201.78,231385.351,13197409.709,1695351600
8.86,269370.343,26215.968,231510.915,13201422.598,1695351603
8.86,269303.274,26499.838,234055.109,13200824.567,1695351606
8.86,269303.274,26514.026,234180.673,13200826.859,1695351609
8.86,269303.164,26514.026,234180.673,13200825.883,1695351612
8.86,269303.164,26499.838,234055.109,13200825.883,1695351615
8.86,269303.164,26514.026,234180.673,13200828.383,1695351618
8.86,269303.164,26499.838,234055.109,13200828.383,1695351621
8.86,269303.164,26519.446,234228.64,13200828.383,1695351624
8.86,269303.164,25471.641,224946.913,13200820.296,1695351627
8.86,269303.236,25473.653,224964.904,13200820.935,1695351630
8.86,269303.236,25840.881,228214.871,13200820.875,1695351633
